{
  "best_lag": -2,
  "config": "configs/data/interndata_a1_dual_arm_unified_cached_wan_real_fsdp_pilot.yaml",
  "current_lag": 0,
  "results": [
    {
      "lag": -2,
      "train_mse": 0.044696711003780365,
      "train_pairs": 1792,
      "train_r2": 0.9553032889962196,
      "val_mse": 0.05778372660279274,
      "val_pairs": 256,
      "val_r2": 0.9425051592342182
    },
    {
      "lag": -1,
      "train_mse": 0.046511854976415634,
      "train_pairs": 1792,
      "train_r2": 0.9534881450235844,
      "val_mse": 0.06809959560632706,
      "val_pairs": 256,
      "val_r2": 0.9334350563335593
    },
    {
      "lag": 0,
      "train_mse": 0.05005674809217453,
      "train_pairs": 1792,
      "train_r2": 0.9499432519078255,
      "val_mse": 0.07147511839866638,
      "val_pairs": 256,
      "val_r2": 0.9306892319188232
    }
  ],
  "ridge": 0.01
}
