{
  "best_lag": -2,
  "config": "configs/data/interndata_a1_dual_arm_unified_cached_wan_real_fsdp_pilot.yaml",
  "current_lag": 0,
  "results": [
    {
      "lag": -2,
      "train_mse": 0.02976279892027378,
      "train_pairs": 628,
      "train_r2": 0.9702374458898584,
      "val_mse": 3971893248.0,
      "val_pairs": 396,
      "val_r2": 9.023396506657733e-07
    },
    {
      "lag": -1,
      "train_mse": 0.026982521638274193,
      "train_pairs": 628,
      "train_r2": 0.9730180090848805,
      "val_mse": 4011459840.0,
      "val_pairs": 396,
      "val_r2": 0.0
    },
    {
      "lag": 0,
      "train_mse": 0.025369277223944664,
      "train_pairs": 628,
      "train_r2": 0.9746310554395797,
      "val_mse": 4069001472.0,
      "val_pairs": 396,
      "val_r2": -5.662326052480182e-07
    }
  ],
  "ridge": 0.01,
  "split": {
    "dataset_id": "interndata_a1__sim_dual_arm__sim__articulation_tasks__split_aloha__rotate_the_left_hearth_right_arm_counterclockwise",
    "holdout_episode": 1,
    "mode": "same_dataset_episode_holdout",
    "train_episodes": [
      0
    ],
    "train_windows": 157,
    "val_windows": 99
  }
}
