{
  "format_version": 1,
  "source_manifest": "reports/interndata_a1/latent_cache_vjepa_vjrae_broad_manifest.jsonl",
  "split": {
    "episode_modulus": 5,
    "episode_remainders": [
      0,
      1,
      2,
      3
    ],
    "index_modulus": null,
    "index_remainders": null,
    "max_items": 4096
  },
  "std_floor": 0.001,
  "num_batches": 416,
  "num_samples": 3328,
  "actions": {
    "0": {
      "count": 159744,
      "dim": 14,
      "mean": [
        -0.041447203582041924,
        0.6690758683596194,
        0.13650496871907633,
        -0.00203266231768641,
        0.1618261969727267,
        0.14708354019620737,
        0.07008716831946465,
        0.29018611060093596,
        1.5711725775549683,
        -0.3655364392374237,
        0.02136225411153648,
        0.41164080855717217,
        0.24534756546577477,
        0.07423643120020938
      ],
      "std": [
        0.18610304345621345,
        0.809441848431187,
        0.5214114188036755,
        0.28718215364494065,
        0.3050942751348951,
        0.39683894973734296,
        0.042759458921589805,
        0.26645434230168225,
        0.9974031338193344,
        1.08260037145254,
        0.4100520623807174,
        0.41764301168718293,
        0.36233093677137074,
        0.025837139660802245
      ]
    }
  },
  "states": {
    "0": {
      "count": 3328,
      "dim": 14,
      "mean": [
        -0.034536649371183066,
        0.6306901181424721,
        0.1153752524746637,
        -0.005215097178506767,
        0.16423406692853001,
        0.14990441833386006,
        0.07160805912222659,
        0.2879086748044546,
        1.5742271788486994,
        -0.3400873260213932,
        0.01942123593618397,
        0.4159958254825693,
        0.2681486370127004,
        0.0800055719173068
      ],
      "std": [
        0.17723943230500047,
        0.7855523756522684,
        0.5000033178503175,
        0.28529955992681993,
        0.3016654885054784,
        0.3922386928949174,
        0.04179359370186893,
        0.2616656655765315,
        0.9705529343469691,
        1.0857727553687035,
        0.4132827710278351,
        0.4228760525752598,
        0.36366447392160967,
        0.024092898114497854
      ]
    }
  }
}
