{
  "format_version": 1,
  "source_manifest": "reports/interndata_a1/latent_cache_vjepa_vjrae_medium_manifest.jsonl",
  "split": {
    "index_modulus": 8,
    "index_remainders": [
      0,
      1,
      2,
      3,
      4,
      5,
      6
    ],
    "max_items": 448
  },
  "std_floor": 0.001,
  "num_batches": 56,
  "num_samples": 448,
  "actions": {
    "0": {
      "count": 21504,
      "dim": 14,
      "mean": [
        0.11087064500229428,
        0.3189767230245967,
        -0.10497048437526603,
        0.016523473116865802,
        0.2033981109168616,
        -0.019567143859257202,
        0.09335748922323221,
        0.39461318044535193,
        2.2553057745580665,
        -0.13658722391820838,
        0.18013291379927632,
        0.5045009268188183,
        0.3132992938391605,
        0.06675019325900523
      ],
      "std": [
        0.05801029398823041,
        0.2135415006555927,
        0.10580037705329587,
        0.12077684912248188,
        0.3056331203376914,
        0.07198658049799922,
        0.009991738642687528,
        0.15669989930454156,
        0.5670120699159155,
        1.312142329796827,
        0.48212707849608066,
        0.21816441326140626,
        0.3449156670317602,
        0.029923073588843684
      ]
    }
  },
  "states": {
    "0": {
      "count": 448,
      "dim": 14,
      "mean": [
        0.11087363033688494,
        0.31882901426537763,
        -0.10503367922189812,
        0.016537120332941413,
        0.2033501895743289,
        -0.019662833568872884,
        0.09399997053800949,
        0.39678941923193634,
        2.2517684259718016,
        -0.06881513513092484,
        0.1446973016915893,
        0.5031208298834307,
        0.3499125970343552,
        0.06836367306615491
      ],
      "std": [
        0.05800726381590061,
        0.21366140055465707,
        0.10572833290306638,
        0.12076550385066837,
        0.30567853100795217,
        0.07190498723663107,
        0.005999980428209189,
        0.15521265009630733,
        0.5976301175621223,
        1.3063137335022321,
        0.484129048105826,
        0.19574582290869819,
        0.3014739443462963,
        0.030734700302878337
      ]
    }
  }
}
