{
  "S_a": 0.010893474919006016,
  "S_a_cos": 2.8342388631400855e-07,
  "a_fm": 0.45026008660594624,
  "batch_alarm_count": 16,
  "cf": 0.04990812006872147,
  "cf_action_delta": 4.724259615254899,
  "cf_inconclusive": false,
  "cf_valid_frac": 1.0,
  "checkpoint": "checkpoints/interndata_a1/wan_fsdp_pilot_broad/step_000064",
  "clean": 0.898945399094373,
  "collapse": false,
  "delta_cond": 0.0029055962028602758,
  "global_samples": 192,
  "peak_cuda_alloc_gb": 32.453266620635986,
  "peak_cuda_reserved_gb": 35.677734375,
  "per_rank_batches": 32,
  "step": 64,
  "total": 3.558153306444486,
  "world_size": 3,
  "z_fm": 2.1590396761894226
}
