{
  "S_a": 1.1389653740449528,
  "S_a_ci95_high": 1.2801630714753118,
  "S_a_ci95_low": 0.9977676766145938,
  "S_a_confident": true,
  "S_a_cos": 0.0055103251095441645,
  "S_a_sem": 0.07203964154610155,
  "a_fm": 0.40741192805580795,
  "batch_alarm_count": 5,
  "cf": 0.03499215312088685,
  "cf_action_delta": 4.994519150738294,
  "cf_inconclusive": false,
  "cf_valid_frac": 1.0,
  "checkpoint": "checkpoints/interndata_a1/wan_fsdp_pilot_broad/step_000256",
  "clean": 0.8733266995889911,
  "collapse": false,
  "delta_cond": 0.0417360270221252,
  "delta_cond_ci95_high": 0.046438903766984924,
  "delta_cond_ci95_low": 0.037033150277265475,
  "delta_cond_confident_positive": true,
  "delta_cond_sem": 0.0023994269106427176,
  "global_samples": 768,
  "peak_cuda_alloc_gb": 32.453266620635986,
  "peak_cuda_reserved_gb": 35.677734375,
  "per_rank_batches": 128,
  "step": 256,
  "total": 3.451013665025433,
  "world_size": 3,
  "z_fm": 2.13528288093706
}
