{
  "S_a": 1.0307654949113687,
  "S_a_ci95_high": 1.2887745971015194,
  "S_a_ci95_low": 0.772756392721218,
  "S_a_confident": true,
  "S_a_cos": 0.004778839938828179,
  "S_a_sem": 0.13163729703579122,
  "a_fm": 0.39889994030818343,
  "batch_alarm_count": 8,
  "cf": 0.0360506182963339,
  "cf_action_delta": 4.724259615254899,
  "cf_inconclusive": false,
  "cf_valid_frac": 1.0,
  "checkpoint": "checkpoints/interndata_a1/wan_fsdp_pilot_broad/step_000256",
  "clean": 0.88999529031571,
  "collapse": false,
  "delta_cond": 0.01537247848076125,
  "delta_cond_ci95_high": 0.024615085795633766,
  "delta_cond_ci95_low": 0.006129871165888735,
  "delta_cond_confident_positive": true,
  "delta_cond_sem": 0.004715615976975773,
  "global_samples": 192,
  "peak_cuda_alloc_gb": 32.453266620635986,
  "peak_cuda_reserved_gb": 35.677734375,
  "per_rank_batches": 32,
  "step": 256,
  "total": 3.4745965525507927,
  "world_size": 3,
  "z_fm": 2.149650697906812
}
